{"dl_rec": {"5": {"Precision@K": 0.0449438202247191, "Recall@K": 0.001566033592360464, "NDCG@K": 0.5967987993845315, "MAP@K": 0.46883101851851855, "MRR": 0.0924291064740503, "Hit Rate@K": 0.1926163723916533, "Coverage@K": 0.20966001079330815}, "10": {"Precision@K": 0.042134831460674156, "Recall@K": 0.0028118919641335286, "NDCG@K": 0.4879997786097264, "MAP@K": 0.3263469563082965, "MRR": 0.10773841371754694, "Hit Rate@K": 0.3113964686998395, "Coverage@K": 0.2792768483540205}, "15": {"Precision@K": 0.04130551096843232, "Recall@K": 0.003955405996185449, "NDCG@K": 0.4372991743343681, "MAP@K": 0.2613613341908111, "MRR": 0.11456593611489277, "Hit Rate@K": 0.398876404494382, "Coverage@K": 0.3348623853211009}, "20": {"Precision@K": 0.04073033707865169, "Recall@K": 0.005063948343376196, "NDCG@K": 0.4040532701642587, "MAP@K": 0.21726096562990882, "MRR": 0.1186617568796268, "Hit Rate@K": 0.471107544141252, "Coverage@K": 0.37398812736103615}, "25": {"Precision@K": 0.04099518459069021, "Recall@K": 0.006487168721969406, "NDCG@K": 0.3865481566982104, "MAP@K": 0.19323339244864957, "MRR": 0.12113183995215947, "Hit Rate@K": 0.5280898876404494, "Coverage@K": 0.4066378845116028}}}