{"(20, 15, 0.01, 0.005)": {"25": {"Precision@K": 0.007392592592592593, "Recall@K": 0.002117978856371725, "NDCG@K": 0.382320966613604, "MAP@K": 0.17068072924216302, "MRR": 0.017089937423548387, "Hit Rate@K": 0.08722222222222223, "Coverage@K": 0.145979492714517}, "20": {"Precision@K": 0.0073981481481481485, "Recall@K": 0.0017467027351122538, "NDCG@K": 0.4002236578111404, "MAP@K": 0.19746896798160263, "MRR": 0.016613442836546553, "Hit Rate@K": 0.07648148148148148, "Coverage@K": 0.12763086886130598}, "15": {"Precision@K": 0.007679012345679011, "Recall@K": 0.0013066528490629466, "NDCG@K": 0.4284650727954336, "MAP@K": 0.2267667240853938, "MRR": 0.016025577817244483, "Hit Rate@K": 0.06592592592592593, "Coverage@K": 0.11117107393416081}, "10": {"Precision@K": 0.007759259259259259, "Recall@K": 0.0008452709618553506, "NDCG@K": 0.4780176345169544, "MAP@K": 0.2813614541757663, "MRR": 0.014799603174603175, "Hit Rate@K": 0.05018518518518519, "Coverage@K": 0.09147328656233135}, "5": {"Precision@K": 0.007444444444444445, "Recall@K": 0.0003693030683718833, "NDCG@K": 0.5830234125269251, "MAP@K": 0.41084401709401713, "MRR": 0.012027777777777778, "Hit Rate@K": 0.028888888888888888, "Coverage@K": 0.06449001618996222}}, "(20, 10, 0.005, 0.005)": {"25": {"Precision@K": 0.005948148148148149, "Recall@K": 0.0013414367305946595, "NDCG@K": 0.38158226004339946, "MAP@K": 0.19692693777522502, "MRR": 0.01660555613679221, "Hit Rate@K": 0.07092592592592592, "Coverage@K": 0.08472746896923908}, "20": {"Precision@K": 0.0062037037037037035, "Recall@K": 0.0011340664711717919, "NDCG@K": 0.39989266941172735, "MAP@K": 0.21885215192091897, "MRR": 0.016383352039225793, "Hit Rate@K": 0.06592592592592593, "Coverage@K": 0.07312466270912034}, "15": {"Precision@K": 0.006469135802469136, "Recall@K": 0.0009273103383723167, "NDCG@K": 0.43183816494843835, "MAP@K": 0.25098259014432805, "MRR": 0.015942338011782457, "Hit Rate@K": 0.05814814814814815, "Coverage@K": 0.06341068537506746}, "10": {"Precision@K": 0.006703703703703704, "Recall@K": 0.0005596572048194181, "NDCG@K": 0.47931272749425463, "MAP@K": 0.30931286549707604, "MRR": 0.014981995884773662, "Hit Rate@K": 0.04574074074074074, "Coverage@K": 0.05045871559633028}, "5": {"Precision@K": 0.007111111111111112, "Recall@K": 0.0003042158659592875, "NDCG@K": 0.5813268230888181, "MAP@K": 0.4260196905766526, "MRR": 0.012839506172839505, "Hit Rate@K": 0.02925925925925926, "Coverage@K": 0.035617916891527254}}, "(5, 40, 0.02, 0.01)": {"25": {"Precision@K": 0.007614814814814816, "Recall@K": 0.002368786624816066, "NDCG@K": 0.38373742076804124, "MAP@K": 0.1860424817163159, "MRR": 0.019910914195872167, "Hit Rate@K": 0.09037037037037036, "Coverage@K": 0.1743119266055046}, "20": {"Precision@K": 0.007666666666666668, "Recall@K": 0.002009520243579991, "NDCG@K": 0.404781480904534, "MAP@K": 0.21219459613330796, "MRR": 0.019483972766394506, "Hit Rate@K": 0.08055555555555556, "Coverage@K": 0.1489476524554776}, "15": {"Precision@K": 0.007864197530864198, "Recall@K": 0.001622134720617005, "NDCG@K": 0.4316124787629877, "MAP@K": 0.24535460279069302, "MRR": 0.018906299461855017, "Hit Rate@K": 0.07037037037037037, "Coverage@K": 0.12547220723151645}, "10": {"Precision@K": 0.007888888888888888, "Recall@K": 0.0011294681938571738, "NDCG@K": 0.48140698415177385, "MAP@K": 0.30402552595112114, "MRR": 0.01773559670781893, "Hit Rate@K": 0.05555555555555555, "Coverage@K": 0.09848893685914732}, "5": {"Precision@K": 0.008037037037037039, "Recall@K": 0.0005455887290830806, "NDCG@K": 0.5868360915919498, "MAP@K": 0.4322161835748792, "MRR": 0.014953703703703703, "Hit Rate@K": 0.034074074074074076, "Coverage@K": 0.06152185644900162}}, "(10, 30, 0.01, 0.005)": {"25": {"Precision@K": 0.007555555555555555, "Recall@K": 0.0020735629549650577, "NDCG@K": 0.3891236286158243, "MAP@K": 0.18368404532338903, "MRR": 0.01882659650507742, "Hit Rate@K": 0.08851851851851852, "Coverage@K": 0.26848354020507287}, "20": {"Precision@K": 0.007648148148148148, "Recall@K": 0.0017752163815579912, "NDCG@K": 0.40821005552453044, "MAP@K": 0.20621226610811957, "MRR": 0.018479799340888954, "Hit Rate@K": 0.08055555555555556, "Coverage@K": 0.24635725849973017}, "15": {"Precision@K": 0.007901234567901235, "Recall@K": 0.0014270760618011237, "NDCG@K": 0.440227211630649, "MAP@K": 0.23871429419643708, "MRR": 0.017809529462307242, "Hit Rate@K": 0.06851851851851852, "Coverage@K": 0.2104695089044792}, "10": {"Precision@K": 0.007592592592592593, "Recall@K": 0.0008813033278503994, "NDCG@K": 0.49513093276876585, "MAP@K": 0.30682694730313775, "MRR": 0.016381466784244562, "Hit Rate@K": 0.050555555555555555, "Coverage@K": 0.17188343227199138}, "5": {"Precision@K": 0.00725925925925926, "Recall@K": 0.0003871726737569073, "NDCG@K": 0.6144380888326791, "MAP@K": 0.456517094017094, "MRR": 0.013527777777777777, "Hit Rate@K": 0.028888888888888888, "Coverage@K": 0.11953588774959525}}, "(15, 10, 0.005, 0.005)": {"25": {"Precision@K": 0.006851851851851852, "Recall@K": 0.0016306784090231146, "NDCG@K": 0.3863691728912754, "MAP@K": 0.18611855022943763, "MRR": 0.017182096566298117, "Hit Rate@K": 0.07759259259259259, "Coverage@K": 0.09902860226659471}, "20": {"Precision@K": 0.006953703703703703, "Recall@K": 0.0013969651443921577, "NDCG@K": 0.4051012694367975, "MAP@K": 0.20938027435905865, "MRR": 0.016846461750228522, "Hit Rate@K": 0.07, "Coverage@K": 0.08769562871019967}, "15": {"Precision@K": 0.006962962962962963, "Recall@K": 0.0010911852108069307, "NDCG@K": 0.42822719823532496, "MAP@K": 0.24515164140552337, "MRR": 0.01627198316087205, "Hit Rate@K": 0.05962962962962963, "Coverage@K": 0.07312466270912034}, "10": {"Precision@K": 0.006740740740740742, "Recall@K": 0.0008010211770401887, "NDCG@K": 0.47452669474649667, "MAP@K": 0.3115802486359127, "MRR": 0.015313639035861257, "Hit Rate@K": 0.047407407407407405, "Coverage@K": 0.058014031300593634}, "5": {"Precision@K": 0.006962962962962962, "Recall@K": 0.000472811487635212, "NDCG@K": 0.5709705085544504, "MAP@K": 0.4304021813224268, "MRR": 0.013098765432098763, "Hit Rate@K": 0.030185185185185186, "Coverage@K": 0.040474905558553695}}, "(20, 40, 0.005, 0.005)": {"25": {"Precision@K": 0.00717037037037037, "Recall@K": 0.002035143602744947, "NDCG@K": 0.3956772628288266, "MAP@K": 0.19536718736265438, "MRR": 0.019617376255550788, "Hit Rate@K": 0.0837037037037037, "Coverage@K": 0.38694009713977334}, "20": {"Precision@K": 0.007185185185185186, "Recall@K": 0.0015224287009283483, "NDCG@K": 0.4186262232020823, "MAP@K": 0.22194064693541676, "MRR": 0.019227408078263772, "Hit Rate@K": 0.07481481481481482, "Coverage@K": 0.36481381543443064}, "15": {"Precision@K": 0.007000000000000001, "Recall@K": 0.0010454022637730557, "NDCG@K": 0.4466859057888039, "MAP@K": 0.2628182871112478, "MRR": 0.018614128669684225, "Hit Rate@K": 0.06388888888888888, "Coverage@K": 0.332164058283864}, "10": {"Precision@K": 0.007222222222222222, "Recall@K": 0.0006834052115942871, "NDCG@K": 0.49620156859560177, "MAP@K": 0.3252560570591146, "MRR": 0.017655349794238683, "Hit Rate@K": 0.05148148148148148, "Coverage@K": 0.2898003237992445}, "5": {"Precision@K": 0.007037037037037037, "Recall@K": 0.0003187203101056682, "NDCG@K": 0.61889005470027, "MAP@K": 0.4956463675213675, "MRR": 0.014666666666666666, "Hit Rate@K": 0.028888888888888888, "Coverage@K": 0.21532649757150565}}, "(5, 15, 0.02, 0.01)": {"25": {"Precision@K": 0.008185185185185186, "Recall@K": 0.0025241567201025722, "NDCG@K": 0.38913622192277064, "MAP@K": 0.19792387535008757, "MRR": 0.021706026337882912, "Hit Rate@K": 0.09555555555555556, "Coverage@K": 0.15677280086346465}, "20": {"Precision@K": 0.008203703703703704, "Recall@K": 0.0021051486610572405, "NDCG@K": 0.40286316866271604, "MAP@K": 0.2180945159875011, "MRR": 0.021411911099927093, "Hit Rate@K": 0.08888888888888889, "Coverage@K": 0.13950350782514842}, "15": {"Precision@K": 0.00839506172839506, "Recall@K": 0.0017403423038508576, "NDCG@K": 0.43297365203489213, "MAP@K": 0.25499825982794355, "MRR": 0.020691032218809996,