{
    "random": {
        "25": {
            "Precision@K": 0.004860927152317881,
            "Recall@K": 0.0012096372171501667,
            "NDCG@K": 0.3743408632930552,
            "MAP@K": 0.18179566021900634,
            "MRR": 0.013361674388313824,
            "Hit Rate@K": 0.06539735099337748,
            "Coverage@K": 1.0
        },
        "5": {
            "Precision@K": 0.00490066225165563,
            "Recall@K": 0.00028939677020246456,
            "NDCG@K": 0.574744724204629,
            "MAP@K": 0.4236810551558753,
            "MRR": 0.00978476821192053,
            "Hit Rate@K": 0.023013245033112584,
            "Coverage@K": 0.9997424671645635
        },
        "10": {
            "Precision@K": 0.004983443708609272,
            "Recall@K": 0.000598242084957316,
            "NDCG@K": 0.47768058219671944,
            "MAP@K": 0.30304452274183225,
            "MRR": 0.011627049826553135,
            "Hit Rate@K": 0.0369205298013245,
            "Coverage@K": 1.0
        },
        "15": {
            "Precision@K": 0.004900662251655629,
            "Recall@K": 0.0007912493429214011,
            "NDCG@K": 0.4242305222248512,
            "MAP@K": 0.24303340081985914,
            "MRR": 0.01247056337702033,
            "Hit Rate@K": 0.04768211920529802,
            "Coverage@K": 1.0
        },
        "20": {
            "Precision@K": 0.004875827814569537,
            "Recall@K": 0.0010156348301852943,
            "NDCG@K": 0.39472391204300467,
            "MAP@K": 0.20451332507414063,
            "MRR": 0.013009710007555896,
            "Hit Rate@K": 0.05728476821192053,
            "Coverage@K": 1.0
        }
    },
    "popularity": {
        "25": {
            "Precision@K": 0.0423046357615894,
            "Recall@K": 0.015000931803647217,
            "NDCG@K": 0.609907322365874,
            "MAP@K": 0.4215656878001963,
            "MRR": 0.0817239489911186,
            "Hit Rate@K": 0.14867549668874172,
            "Coverage@K": 0.0638681431882565
        },
        "5": {
            "Precision@K": 0.05033112582781457,
            "Recall@K": 0.003793308595274678,
            "NDCG@K": 0.7943412368574777,
            "MAP@K": 0.7107949590092446,
            "MRR": 0.07738134657836644,
            "Hit Rate@K": 0.10546357615894039,
            "Coverage@K": 0.024723152201905744
        },
        "10": {
            "Precision@K": 0.04789735099337748,
            "Recall@K": 0.006992905013319194,
            "NDCG@K": 0.6886749525021277,
            "MAP@K": 0.560096779957119,
            "MRR": 0.08034617102911805,
            "Hit Rate@K": 0.12764900662251655,
            "Coverage@K": 0.03631212979654906
        },
        "15": {
            "Precision@K": 0.045750551876379685,
            "Recall@K": 0.009931314177338023,
            "NDCG@K": 0.648366818083417,
            "MAP@K": 0.49373978216060316,
            "MRR": 0.08116262003265315,
            "Hit Rate@K": 0.13774834437086092,
            "Coverage@K": 0.0468709760494463
        },
        "20": {
            "Precision@K": 0.04377483443708609,
            "Recall@K": 0.012529629409408752,
            "NDCG@K": 0.6286622123975131,
            "MAP@K": 0.4541783739610821,
            "MRR": 0.08149021049139968,
            "Hit Rate@K": 0.1433774834437086,
            "Coverage@K": 0.05562709245428792
        }
    },
    "top_rated": {
        "25": {
            "Precision@K": 0.01805298013245033,
            "Recall@K": 0.007164385462020428,
            "NDCG@K": 0.44944959592008543,
            "MAP@K": 0.2247588233372587,
            "MRR": 0.026651125943417196,
            "Hit Rate@K": 0.11970198675496689,
            "Coverage@K": 0.028843677568890034
        },
        "5": {
            "Precision@K": 0.015298013245033113,
            "Recall@K": 0.001250901458396587,
            "NDCG@K": 0.5438088437398921,
            "MAP@K": 0.3656653746770026,
            "MRR": 0.020229028697571743,
            "Hit Rate@K": 0.05695364238410596,
            "Coverage@K": 0.009528714911151173
        },
        "10": {
            "Precision@K": 0.01966887417218543,
            "Recall@K": 0.0031760973264036685,
            "NDCG@K": 0.4954001459847301,
            "MAP@K": 0.28654021736326735,
            "MRR": 0.024836999369284136,
            "Hit Rate@K": 0.09056291390728477,
            "Coverage@K": 0.013134174607262426
        },
        "15": {
            "Precision@K": 0.019889624724061812,
            "Recall@K": 0.004589241165406662,
            "NDCG@K": 0.47709163507085617,
            "MAP@K": 0.2610267420079291,
            "MRR": 0.025827926212859984,
            "Hit Rate@K": 0.10314569536423841,
            "Coverage@K": 0.017769765645119753
        },
        "20": {
            "Precision@K": 0.018857615894039736,
            "Recall@K": 0.005921846591151483,
            "NDCG@K": 0.4624488257411243,
            "MAP@K": 0.24210536850148764,
            "MRR": 0.026284675820452533,
            "Hit Rate@K": 0.11142384105960265,
            "Coverage@K": 0.022920422353850115
        }
    },
    "weighted_random": {
        "25": {
            "Precision@K": 0.00714569536423841,
            "Recall@K": 0.002113742860878044,
            "NDCG@K": 0.3945886507677758,
            "MAP@K": 0.19232615034897502,
            "MRR": 0.01908600483156412,
            "Hit Rate@K": 0.08195364238410596,
            "Coverage@K": 0.9430852433685295
        },
        "5": {
            "Precision@K": 0.006556291390728477,
            "Recall@K": 0.00040584174049155733,
            "NDCG@K": 0.625960982121547,
            "MAP@K": 0.5003749147920927,
            "MRR": 0.014103200883002208,
            "Hit Rate@K": 0.026986754966887416,
            "Coverage@K": 0.9232552150399176
        },
        "10": {
            "Precision@K": 0.007367549668874173,
            "Recall@K": 0.0008268272791554804,
            "NDCG@K": 0.49679261428485755,
            "MAP@K": 0.31677308600546855,
            "MRR": 0.017039577420372126,
            "Hit Rate@K": 0.04933774834437086,
            "Coverage@K": 0.9405099150141643
        },
        "15": {
            "Precision@K": 0.007317880794701987,
            "Recall@K": 0.0012387412721975488,
            "NDCG@K": 0.44353101487331587,
            "MAP@K": 0.2503287071455676,
            "MRR": 0.01817649789504094,
            "Hit Rate@K": 0.06407284768211921,
            "Coverage@K": 0.942827710533093
        },
        "20": {
            "Precision@K": 0.00722682119205298,
            "Recall@K": 0.0016687051727424082,
            "NDCG@K": 0.4143676984769339,
            "MAP@K": 0.21576629851957294,
            "MRR": 0.018751706571517226,
            "Hit Rate@K": 0.07433774834437086,
            "Coverage@K": 0.9430852433685295
        }
    },
    "rating_non_biased": {
        "25": {
            "Precision@K": 0.00033112582781456954,
            "Recall@K": 5.008917544915813e-05,
            "NDCG@K": 0.3082927799581749,
            "MAP@K": 0.11798087354338806,
            "MRR": 0.0008916726905391564,
            "Hit Rate@K": 0.00728476821192053,
            "Coverage@K": 0.007725985063095545
        },
        "5": {
            "Precision@K": 0.0004304635761589405,
            "Recall@K": 7.607850854975734e-06,
            "NDCG@K": 0.5106285322911,
            "MAP@K": 0.24722222222222226,
            "MRR": 0.0004911699779249449,
            "Hit Rate@K": 0.001986754966887417,
            "Coverage@K": 0.0018027298480556271
        },
        "10": {
            "Precision@K": 0.000347682119205298,
            "Recall@K": 2.2417632919588547e-05,
            "NDCG@K": 0.4102040661591929,
            "MAP@K": 0.2004166666666667,
            "MRR": 0.0006636313465783665,
            "Hit Rate@K": 0.0033112582781456954,
            "Coverage@K": 0.003090394025238218
        },
        "15": {
            "Precision@K": 0.0003421633554083886,
            "Recall@K": 3.5188456598857596e-05,